CREATE TABLE
  customers (
    id int PRIMARY KEY,
    first_name VARCHAR(255),
    last_name VARCHAR(255)
  );

INSERT INTO
  customers
VALUES
  (1, 'Michael', 'P.'),
  (2, 'Shawn', 'M.'),
  (3, 'Kathleen', 'P.'),
  (4, 'Jimmy', 'C.'),
  (5, 'Katherine', 'R.'),
  (6, 'Sarah', 'R.'),
  (7, 'Martin', 'M.'),
  (8, 'Frank', 'R.'),
  (9, 'Jennifer', 'F.'),
  (10, 'Henry', 'W.'),
  (11, 'Fred', 'S.'),
  (12, 'Amy', 'D.'),
  (13, 'Kathleen', 'M.'),
  (14, 'Steve', 'F.'),
  (15, 'Teresa', 'H.'),
  (16, 'Amanda', 'H.'),
  (17, 'Kimberly', 'R.'),
  (18, 'Johnny', 'K.'),
  (19, 'Virginia', 'F.'),
  (20, 'Anna', 'A.'),
  (21, 'Willie', 'H.'),
  (22, 'Sean', 'H.'),
  (23, 'Mildred', 'A.'),
  (24, 'David', 'G.'),
  (25, 'Victor', 'H.'),
  (26, 'Aaron', 'R.'),
  (27, 'Benjamin', 'B.'),
  (28, 'Lisa', 'W.'),
  (29, 'Benjamin', 'K.'),
  (30, 'Christina', 'W.'),
  (31, 'Jane', 'G.'),
  (32, 'Thomas', 'O.'),
  (33, 'Katherine', 'M.'),
  (34, 'Jennifer', 'S.'),
  (35, 'Sara', 'T.'),
  (36, 'Harold', 'O.'),
  (37, 'Shirley', 'J.'),
  (38, 'Dennis', 'J.'),
  (39, 'Louise', 'W.'),
  (40, 'Maria', 'A.'),
  (41, 'Gloria', 'C.'),
  (42, 'Diana', 'S.'),
  (43, 'Kelly', 'N.'),
  (44, 'Jane', 'R.'),
  (45, 'Scott', 'B.'),
  (46, 'Norma', 'C.'),
  (47, 'Marie', 'P.'),
  (48, 'Lillian', 'C.'),
  (49, 'Judy', 'N.'),
  (50, 'Billy', 'L.'),
  (51, 'Howard', 'R.'),
  (52, 'Laura', 'F.'),
  (53, 'Anne', 'B.'),
  (54, 'Rose', 'M.'),
  (55, 'Nicholas', 'R.'),
  (56, 'Joshua', 'K.'),
  (57, 'Paul', 'W.'),
  (58, 'Kathryn', 'K.'),
  (59, 'Adam', 'A.'),
  (60, 'Norma', 'W.'),
  (61, 'Timothy', 'R.'),
  (62, 'Elizabeth', 'P.'),
  (63, 'Edward', 'G.'),
  (64, 'David', 'C.'),
  (65, 'Brenda', 'W.'),
  (66, 'Adam', 'W.'),
  (67, 'Michael', 'H.'),
  (68, 'Jesse', 'E.'),
  (69, 'Janet', 'P.'),
  (70, 'Helen', 'F.'),
  (71, 'Gerald', 'C.'),
  (72, 'Kathryn', 'O.'),
  (73, 'Alan', 'B.'),
  (74, 'Harry', 'A.'),
  (75, 'Andrea', 'H.'),
  (76, 'Barbara', 'W.'),
  (77, 'Anne', 'W.'),
  (78, 'Harry', 'H.'),
  (79, 'Jack', 'R.'),
  (80, 'Phillip', 'H.'),
  (81, 'Shirley', 'H.'),
  (82, 'Arthur', 'D.'),
  (83, 'Virginia', 'R.'),
  (84, 'Christina', 'R.'),
  (85, 'Theresa', 'M.'),
  (86, 'Jason', 'C.'),
  (87, 'Phillip', 'B.'),
  (88, 'Adam', 'T.'),
  (89, 'Margaret', 'J.'),
  (90, 'Paul', 'P.'),
  (91, 'Todd', 'W.'),
  (92, 'Willie', 'O.'),
  (93, 'Frances', 'R.'),
  (94, 'Gregory', 'H.'),
  (95, 'Lisa', 'P.'),
  (96, 'Jacqueline', 'A.'),
  (97, 'Shirley', 'D.'),
  (98, 'Nicole', 'M.'),
  (99, 'Mary', 'G.'),
  (100, 'Jean', 'M.');

CREATE TABLE
  orders (
    id int PRIMARY KEY,
    user_id int REFERENCES customers (id),
    order_date DATE NOT NULL,
    status VARCHAR(255) CHECK (
      status IN (
        'completed',
        'returned',
        'return_pending',
        'shipped',
        'placed'
      )
    ),
    _etl_loaded_at TIMESTAMP DEFAULT CURRENT_TIMESTAMP
  );

INSERT INTO
  orders
VALUES
  (
    1,
    1,
    '01/01/2018',
    'returned',
    '2024-05-10T13:36:55.038Z'
  ),
  (
    2,
    3,
    '02/01/2018',
    'completed',
    '2024-05-10T13:36:55.038Z'
  ),
  (
    3,
    94,
    '04/01/2018',
    'completed',
    '2024-05-10T13:36:55.038Z'
  ),
  (
    4,
    50,
    '05/01/2018',
    'completed',
    '2024-05-10T13:36:55.038Z'
  ),
  (
    5,
    64,
    '05/01/2018',
    'completed',
    '2024-05-10T13:36:55.038Z'
  ),
  (
    6,
    54,
    '07/01/2018',
    'completed',
    '2024-05-10T13:36:55.038Z'
  ),
  (
    7,
    88,
    '09/01/2018',
    'completed',
    '2024-05-10T13:36:55.038Z'
  ),
  (
    8,
    2,
    '11/01/2018',
    'returned',
    '2024-05-10T13:36:55.038Z'
  ),
  (
    9,
    53,
    '12/01/2018',
    'completed',
    '2024-05-10T13:36:55.038Z'
  ),
  (
    10,
    7,
    '14/01/2018',
    'completed',
    '2024-05-10T13:36:55.038Z'
  ),
  (
    11,
    99,
    '14/01/2018',
    'completed',
    '2024-05-10T13:36:55.038Z'
  ),
  (
    12,
    59,
    '15/01/2018',
    'completed',
    '2024-05-10T13:36:55.038Z'
  ),
  (
    13,
    84,
    '17/01/2018',
    'completed',
    '2024-05-10T13:36:55.038Z'
  ),
  (
    14,
    40,
    '17/01/2018',
    'returned',
    '2024-05-10T13:36:55.038Z'
  ),
  (
    15,
    25,
    '17/01/2018',
    'completed',
    '2024-05-10T13:36:55.038Z'
  ),
  (
    16,
    39,
    '18/01/2018',
    'completed',
    '2024-05-10T13:36:55.038Z'
  ),
  (
    17,
    71,
    '18/01/2018',
    'completed',
    '2024-05-10T13:36:55.038Z'
  ),
  (
    18,
    64,
    '20/01/2018',
    'returned',
    '2024-05-10T13:36:55.038Z'
  ),
  (
    19,
    54,
    '22/01/2018',
    'completed',
    '2024-05-10T13:36:55.038Z'
  ),
  (
    20,
    20,
    '23/01/2018',
    'completed',
    '2024-05-10T13:36:55.038Z'
  ),
  (
    21,
    71,
    '23/01/2018',
    'completed',
    '2024-05-10T13:36:55.038Z'
  ),
  (
    22,
    86,
    '24/01/2018',
    'completed',
    '2024-05-10T13:36:55.038Z'
  ),
  (
    23,
    22,
    '26/01/2018',
    'return_pending',
    '2024-05-10T13:36:55.038Z'
  ),
  (
    24,
    3,
    '27/01/2018',
    'completed',
    '2024-05-10T13:36:55.038Z'
  ),
  (
    25,
    51,
    '28/01/2018',
    'completed',
    '2024-05-10T13:36:55.038Z'
  ),
  (
    26,
    32,
    '28/01/2018',
    'completed',
    '2024-05-10T13:36:55.038Z'
  ),
  (
    27,
    94,
    '29/01/2018',
    'completed',
    '2024-05-10T13:36:55.038Z'
  ),
  (
    28,
    8,
    '29/01/2018',
    'completed',
    '2024-05-10T13:36:55.038Z'
  ),
  (
    29,
    57,
    '31/01/2018',
    'completed',
    '2024-05-10T13:36:55.038Z'
  ),
  (
    30,
    69,
    '02/02/2018',
    'completed',
    '2024-05-10T13:36:55.038Z'
  ),
  (
    31,
    16,
    '02/02/2018',
    'completed',
    '2024-05-10T13:36:55.038Z'
  ),
  (
    32,
    28,
    '04/02/2018',
    'completed',
    '2024-05-10T13:36:55.038Z'
  ),
  (
    33,
    42,
    '04/02/2018',
    'completed',
    '2024-05-10T13:36:55.038Z'
  ),
  (
    34,
    38,
    '06/02/2018',
    'completed',
    '2024-05-10T13:36:55.038Z'
  ),
  (
    35,
    80,
    '08/02/2018',
    'completed',
    '2024-05-10T13:36:55.038Z'
  ),
  (
    36,
    85,
    '10/02/2018',
    'completed',
    '2024-05-10T13:36:55.038Z'
  ),
  (
    37,
    1,
    '10/02/2018',
    'completed',
    '2024-05-10T13:36:55.038Z'
  ),
  (
    38,
    51,
    '10/02/2018',
    'completed',
    '2024-05-10T13:36:55.038Z'
  ),
  (
    39,
    26,
    '11/02/2018',
    'completed',
    '2024-05-10T13:36:55.038Z'
  ),
  (
    40,
    33,
    '13/02/2018',
    'completed',
    '2024-05-10T13:36:55.038Z'
  ),
  (
    41,
    99,
    '14/02/2018',
    'completed',
    '2024-05-10T13:36:55.038Z'
  ),
  (
    42,
    92,
    '16/02/2018',
    'completed',
    '2024-05-10T13:36:55.038Z'
  ),
  (
    43,
    31,
    '17/02/2018',
    'completed',
    '2024-05-10T13:36:55.038Z'
  ),
  (
    44,
    66,
    '17/02/2018',
    'completed',
    '2024-05-10T13:36:55.038Z'
  ),
  (
    45,
    22,
    '17/02/2018',
    'completed',
    '2024-05-10T13:36:55.038Z'
  ),
  (
    46,
    6,
    '19/02/2018',
    'completed',
    '2024-05-10T13:36:55.038Z'
  ),
  (
    47,
    50,
    '20/02/2018',
    'completed',
    '2024-05-10T13:36:55.038Z'
  ),
  (
    48,
    27,
    '21/02/2018',
    'completed',
    '2024-05-10T13:36:55.038Z'
  ),
  (
    49,
    35,
    '21/02/2018',
    'completed',
    '2024-05-10T13:36:55.038Z'
  ),
  (
    50,
    51,
    '23/02/2018',
    'completed',
    '2024-05-10T13:36:55.038Z'
  ),
  (
    51,
    71,
    '24/02/2018',
    'completed',
    '2024-05-10T13:36:55.038Z'
  ),
  (
    52,
    54,
    '25/02/2018',
    'return_pending',
    '2024-05-10T13:36:55.038Z'
  ),
  (
    53,
    34,
    '26/02/2018',
    'completed',
    '2024-05-10T13:36:55.038Z'
  ),
  (
    54,
    54,
    '26/02/2018',
    'completed',
    '2024-05-10T13:36:55.038Z'
  ),
  (
    55,
    18,
    '27/02/2018',
    'completed',
    '2024-05-10T13:36:55.038Z'
  ),
  (
    56,
    79,
    '28/02/2018',
    'completed',
    '2024-05-10T13:36:55.038Z'
  ),
  (
    57,
    93,
    '01/03/2018',
    'completed',
    '2024-05-10T13:36:55.038Z'
  ),
  (
    58,
    22,
    '01/03/2018',
    'completed',
    '2024-05-10T13:36:55.038Z'
  ),
  (
    59,
    30,
    '02/03/2018',
    'completed',
    '2024-05-10T13:36:55.038Z'
  ),
  (
    60,
    12,
    '03/03/2018',
    'completed',
    '2024-05-10T13:36:55.038Z'
  ),
  (
    61,
    63,
    '03/03/2018',
    'completed',
    '2024-05-10T13:36:55.038Z'
  ),
  (
    62,
    57,
    '05/03/2018',
    'completed',
    '2024-05-10T13:36:55.038Z'
  ),
  (
    63,
    70,
    '06/03/2018',
    'completed',
    '2024-05-10T13:36:55.038Z'
  ),
  (
    64,
    13,
    '07/03/2018',
    'completed',
    '2024-05-10T13:36:55.038Z'
  ),
  (
    65,
    26,
    '08/03/2018',
    'completed',
    '2024-05-10T13:36:55.038Z'
  ),
  (
    66,
    36,
    '10/03/2018',
    'completed',
    '2024-05-10T13:36:55.038Z'
  ),
  (
    67,
    79,
    '11/03/2018',
    'completed',
    '2024-05-10T13:36:55.038Z'
  ),
  (
    68,
    53,
    '11/03/2018',
    'completed',
    '2024-05-10T13:36:55.038Z'
  ),
  (
    69,
    3,
    '11/03/2018',
    'completed',
    '2024-05-10T13:36:55.038Z'
  ),
  (
    70,
    8,
    '12/03/2018',
    'completed',
    '2024-05-10T13:36:55.038Z'
  ),
  (
    71,
    42,
    '12/03/2018',
    'shipped',
    '2024-05-10T13:36:55.038Z'
  ),
  (
    72,
    30,
    '14/03/2018',
    'shipped',
    '2024-05-10T13:36:55.038Z'
  ),
  (
    73,
    19,
    '16/03/2018',
    'completed',
    '2024-05-10T13:36:55.038Z'
  ),
  (
    74,
    9,
    '17/03/2018',
    'shipped',
    '2024-05-10T13:36:55.038Z'
  ),
  (
    75,
    69,
    '18/03/2018',
    'completed',
    '2024-05-10T13:36:55.038Z'
  ),
  (
    76,
    25,
    '20/03/2018',
    'completed',
    '2024-05-10T13:36:55.038Z'
  ),
  (
    77,
    35,
    '21/03/2018',
    'shipped',
    '2024-05-10T13:36:55.038Z'
  ),
  (
    78,
    90,
    '23/03/2018',
    'shipped',
    '2024-05-10T13:36:55.038Z'
  ),
  (
    79,
    52,
    '23/03/2018',
    'shipped',
    '2024-05-10T13:36:55.038Z'
  ),
  (
    80,
    11,
    '23/03/2018',
    'shipped',
    '2024-05-10T13:36:55.038Z'
  ),
  (
    81,
    76,
    '23/03/2018',
    'shipped',
    '2024-05-10T13:36:55.038Z'
  ),
  (
    82,
    46,
    '24/03/2018',
    'shipped',
    '2024-05-10T13:36:55.038Z'
  ),
  (
    83,
    54,
    '24/03/2018',
    'shipped',
    '2024-05-10T13:36:55.038Z'
  ),
  (
    84,
    70,
    '26/03/2018',
    'placed',
    '2024-05-10T13:36:55.038Z'
  ),
  (
    85,
    47,
    '26/03/2018',
    'shipped',
    '2024-05-10T13:36:55.038Z'
  ),
  (
    86,
    68,
    '26/03/2018',
    'placed',
    '2024-05-10T13:36:55.038Z'
  ),
  (
    87,
    46,
    '27/03/2018',
    'placed',
    '2024-05-10T13:36:55.038Z'
  ),
  (
    88,
    91,
    '27/03/2018',
    'shipped',
    '2024-05-10T13:36:55.038Z'
  ),
  (
    89,
    21,
    '28/03/2018',
    'placed',
    '2024-05-10T13:36:55.038Z'
  ),
  (
    90,
    66,
    '30/03/2018',
    'shipped',
    '2024-05-10T13:36:55.038Z'
  ),
  (
    91,
    47,
    '31/03/2018',
    'placed',
    '2024-05-10T13:36:55.038Z'
  ),
  (
    92,
    84,
    '02/04/2018',
    'placed',
    '2024-05-10T13:36:55.038Z'
  ),
  (
    93,
    66,
    '03/04/2018',
    'placed',
    '2024-05-10T13:36:55.038Z'
  ),
  (
    94,
    63,
    '03/04/2018',
    'placed',
    '2024-05-10T13:36:55.038Z'
  ),
  (
    95,
    27,
    '04/04/2018',
    'placed',
    '2024-05-10T13:36:55.038Z'
  ),
  (
    96,
    90,
    '06/04/2018',
    'placed',
    '2024-05-10T13:36:55.038Z'
  ),
  (
    97,
    89,
    '07/04/2018',
    'placed',
    '2024-05-10T13:36:55.038Z'
  ),
  (
    98,
    41,
    '07/04/2018',
    'placed',
    '2024-05-10T13:36:55.038Z'
  ),
  (
    99,
    85,
    '09/04/2018',
    'placed',
    '2024-05-10T13:36:55.038Z'
  );

CREATE TABLE
  payment (
    id int PRIMARY KEY,
    order_id int REFERENCES orders (id),
    payment_method VARCHAR(255) CHECK (
      payment_method IN (
        'credit_card',
        'gift_card',
        'coupon',
        'bank_transfer'
      )
    ),
    status VARCHAR(255) CHECK (status IN ('success', 'fail')),
    amount int NOT NULL CHECK (amount >= 0),
    created_at TIMESTAMP,
    _batched_at TIMESTAMP DEFAULT CURRENT_TIMESTAMP
  );

INSERT INTO
  payment
VALUES
  (
    1,
    1,
    'credit_card',
    'success',
    1000,
    '01/01/2018',
    '2024-05-10T13:37:58.398Z'
  ),
  (
    2,
    2,
    'credit_card',
    'success',
    2000,
    '02/01/2018',
    '2024-05-10T13:37:58.398Z'
  ),
  (
    3,
    3,
    'coupon',
    'success',
    100,
    '04/01/2018',
    '2024-05-10T13:37:58.398Z'
  ),
  (
    4,
    4,
    'coupon',
    'success',
    2500,
    '05/01/2018',
    '2024-05-10T13:37:58.398Z'
  ),
  (
    5,
    5,
    'bank_transfer',
    'fail',
    1700,
    '05/01/2018',
    '2024-05-10T13:37:58.398Z'
  ),
  (
    6,
    5,
    'bank_transfer',
    'success',
    1700,
    '05/01/2018',
    '2024-05-10T13:37:58.398Z'
  ),
  (
    7,
    6,
    'credit_card',
    'success',
    600,
    '07/01/2018',
    '2024-05-10T13:37:58.398Z'
  ),
  (
    8,
    7,
    'credit_card',
    'success',
    1600,
    '09/01/2018',
    '2024-05-10T13:37:58.398Z'
  ),
  (
    9,
    8,
    'credit_card',
    'success',
    2300,
    '11/01/2018',
    '2024-05-10T13:37:58.398Z'
  ),
  (
    10,
    9,
    'gift_card',
    'success',
    2300,
    '12/01/2018',
    '2024-05-10T13:37:58.398Z'
  ),
  (
    11,
    9,
    'bank_transfer',
    'success',
    0,
    '12/01/2018',
    '2024-05-10T13:37:58.398Z'
  ),
  (
    12,
    10,
    'bank_transfer',
    'success',
    2600,
    '14/01/2018',
    '2024-05-10T13:37:58.398Z'
  ),
  (
    13,
    11,
    'credit_card',
    'success',
    2700,
    '14/01/2018',
    '2024-05-10T13:37:58.398Z'
  ),
  (
    14,
    12,
    'credit_card',
    'success',
    100,
    '15/01/2018',
    '2024-05-10T13:37:58.398Z'
  ),
  (
    15,
    13,
    'credit_card',
    'fail',
    500,
    '17/01/2018',
    '2024-05-10T13:37:58.398Z'
  ),
  (
    16,
    13,
    'bank_transfer',
    'success',
    500,
    '17/01/2018',
    '2024-05-10T13:37:58.398Z'
  ),
  (
    17,
    13,
    'bank_transfer',
    'success',
    1400,
    '17/01/2018',
    '2024-05-10T13:37:58.398Z'
  ),
  (
    18,
    14,
    'bank_transfer',
    'success',
    300,
    '17/01/2018',
    '2024-05-10T13:37:58.398Z'
  ),
  (
    19,
    15,
    'coupon',
    'success',
    2200,
    '17/01/2018',
    '2024-05-10T13:37:58.398Z'
  ),
  (
    20,
    16,
    'credit_card',
    'success',
    1000,
    '18/01/2018',
    '2024-05-10T13:37:58.398Z'
  ),
  (
    21,
    17,
    'bank_transfer',
    'success',
    200,
    '18/01/2018',
    '2024-05-10T13:37:58.398Z'
  ),
  (
    22,
    18,
    'credit_card',
    'success',
    500,
    '20/01/2018',
    '2024-05-10T13:37:58.398Z'
  ),
  (
    23,
    18,
    'credit_card',
    'success',
    800,
    '20/01/2018',
    '2024-05-10T13:37:58.398Z'
  ),
  (
    24,
    19,
    'gift_card',
    'success',
    600,
    '22/01/2018',
    '2024-05-10T13:37:58.398Z'
  ),
  (
    25,
    20,
    'bank_transfer',
    'success',
    1500,
    '23/01/2018',
    '2024-05-10T13:37:58.398Z'
  ),
  (
    26,
    21,
    'credit_card',
    'success',
    1200,
    '23/01/2018',
    '2024-05-10T13:37:58.398Z'
  ),
  (
    27,
    22,
    'bank_transfer',
    'success',
    800,
    '24/01/2018',
    '2024-05-10T13:37:58.398Z'
  ),
  (
    28,
    23,
    'gift_card',
    'fail',
    2300,
    '26/01/2018',
    '2024-05-10T13:37:58.398Z'
  ),
  (
    29,
    23,
    'credit_card',
    'success',
    2300,
    '26/01/2018',
    '2024-05-10T13:37:58.398Z'
  ),
  (
    30,
    24,
    'coupon',
    'success',
    2600,
    '27/01/2018',
    '2024-05-10T13:37:58.398Z'
  ),
  (
    31,
    25,
    'bank_transfer',
    'success',
    2000,
    '28/01/2018',
    '2024-05-10T13:37:58.398Z'
  ),
  (
    32,
    25,
    'credit_card',
    'success',
    2200,
    '28/01/2018',
    '2024-05-10T13:37:58.398Z'
  ),
  (
    33,
    25,
    'coupon',
    'success',
    1600,
    '28/01/2018',
    '2024-05-10T13:37:58.398Z'
  ),
  (
    34,
    26,
    'credit_card',
    'success',
    3000,
    '28/01/2018',
    '2024-05-10T13:37:58.398Z'
  ),
  (
    35,
    27,
    'credit_card',
    'success',
    2300,
    '29/01/2018',
    '2024-05-10T13:37:58.398Z'
  ),
  (
    36,
    28,
    'bank_transfer',
    'success',
    1900,
    '29/01/2018',
    '2024-05-10T13:37:58.398Z'
  ),
  (
    37,
    29,
    'bank_transfer',
    'success',
    1200,
    '31/01/2018',
    '2024-05-10T13:37:58.398Z'
  ),
  (
    38,
    30,
    'credit_card',
    'success',
    1300,
    '02/02/2018',
    '2024-05-10T13:37:58.398Z'
  ),
  (
    39,
    31,
    'credit_card',
    'success',
    1200,
    '02/02/2018',
    '2024-05-10T13:37:58.398Z'
  ),
  (
    40,
    32,
    'credit_card',
    'success',
    300,
    '04/02/2018',
    '2024-05-10T13:37:58.398Z'
  ),
  (
    41,
    33,
    'credit_card',
    'success',
    2200,
    '04/02/2018',
    '2024-05-10T13:37:58.398Z'
  ),
  (
    42,
    34,
    'bank_transfer',
    'success',
    1500,
    '06/02/2018',
    '2024-05-10T13:37:58.398Z'
  ),
  (
    43,
    35,
    'credit_card',
    'success',
    2900,
    '08/02/2018',
    '2024-05-10T13:37:58.398Z'
  ),
  (
    44,
    36,
    'bank_transfer',
    'success',
    900,
    '10/02/2018',
    '2024-05-10T13:37:58.398Z'
  ),
  (
    45,
    37,
    'credit_card',
    'success',
    2300,
    '10/02/2018',
    '2024-05-10T13:37:58.398Z'
  ),
  (
    46,
    38,
    'credit_card',
    'fail',
    1500,
    '10/02/2018',
    '2024-05-10T13:37:58.398Z'
  ),
  (
    47,
    38,
    'credit_card',
    'success',
    1500,
    '10/02/2018',
    '2024-05-10T13:37:58.398Z'
  ),
  (
    48,
    39,
    'bank_transfer',
    'success',
    800,
    '11/02/2018',
    '2024-05-10T13:37:58.398Z'
  ),
  (
    49,
    40,
    'credit_card',
    'success',
    1400,
    '13/02/2018',
    '2024-05-10T13:37:58.398Z'
  ),
  (
    50,
    41,
    'credit_card',
    'success',
    1700,
    '14/02/2018',
    '2024-05-10T13:37:58.398Z'
  ),
  (
    51,
    42,
    'coupon',
    'success',
    1700,
    '16/02/2018',
    '2024-05-10T13:37:58.398Z'
  ),
  (
    52,
    43,
    'gift_card',
    'success',
    1800,
    '17/02/2018',
    '2024-05-10T13:37:58.398Z'
  ),
  (
    53,
    44,
    'gift_card',
    'success',
    1100,
    '17/02/2018',
    '2024-05-10T13:37:58.398Z'
  ),
  (
    54,
    45,
    'bank_transfer',
    'success',
    500,
    '17/02/2018',
    '2024-05-10T13:37:58.398Z'
  ),
  (
    55,
    46,
    'bank_transfer',
    'success',
    800,
    '19/02/2018',
    '2024-05-10T13:37:58.398Z'
  ),
  (
    56,
    47,
    'credit_card',
    'success',
    2200,
    '20/02/2018',
    '2024-05-10T13:37:58.398Z'
  ),
  (
    57,
    48,
    'bank_transfer',
    'success',
    300,
    '21/02/2018',
    '2024-05-10T13:37:58.398Z'
  ),
  (
    58,
    49,
    'bank_transfer',
    'fail',
    600,
    '21/02/2018',
    '2024-05-10T13:37:58.398Z'
  ),
  (
    59,
    49,
    'credit_card',
    'success',
    600,
    '21/02/2018',
    '2024-05-10T13:37:58.398Z'
  ),
  (
    60,
    49,
    'credit_card',
    'success',
    900,
    '21/02/2018',
    '2024-05-10T13:37:58.398Z'
  ),
  (
    61,
    50,
    'credit_card',
    'success',
    2600,
    '23/02/2018',
    '2024-05-10T13:37:58.398Z'
  ),
  (
    62,
    51,
    'credit_card',
    'success',
    2900,
    '24/02/2018',
    '2024-05-10T13:37:58.398Z'
  ),
  (
    63,
    51,
    'credit_card',
    'success',
    100,
    '24/02/2018',
    '2024-05-10T13:37:58.398Z'
  ),
  (
    64,
    52,
    'bank_transfer',
    'success',
    1500,
    '25/02/2018',
    '2024-05-10T13:37:58.398Z'
  ),
  (
    65,
    53,
    'credit_card',
    'success',
    300,
    '26/02/2018',
    '2024-05-10T13:37:58.398Z'
  ),
  (
    66,
    54,
    'credit_card',
    'success',
    1800,
    '26/02/2018',
    '2024-05-10T13:37:58.398Z'
  ),
  (
    67,
    54,
    'bank_transfer',
    'success',
    1100,
    '26/02/2018',
    '2024-05-10T13:37:58.398Z'
  ),
  (
    68,
    55,
    'credit_card',
    'success',
    2900,
    '27/02/2018',
    '2024-05-10T13:37:58.398Z'
  ),
  (
    69,
    56,
    'credit_card',
    'success',
    400,
    '28/02/2018',
    '2024-05-10T13:37:58.398Z'
  ),
  (
    70,
    57,
    'bank_transfer',
    'success',
    200,
    '01/03/2018',
    '2024-05-10T13:37:58.398Z'
  ),
  (
    71,
    58,
    'coupon',
    'fail',
    1800,
    '01/03/2018',
    '2024-05-10T13:37:58.398Z'
  ),
  (
    72,
    58,
    'coupon',
    'success',
    1800,
    '01/03/2018',
    '2024-05-10T13:37:58.398Z'
  ),
  (
    73,
    58,
    'gift_card',
    'success',
    600,
    '01/03/2018',
    '2024-05-10T13:37:58.398Z'
  ),
  (
    74,
    59,
    'gift_card',
    'success',
    2800,
    '02/03/2018',
    '2024-05-10T13:37:58.398Z'
  ),
  (
    75,
    60,
    'credit_card',
    'success',
    400,
    '03/03/2018',
    '2024-05-10T13:37:58.398Z'
  ),
  (
    76,
    61,
    'bank_transfer',
    'success',
    1600,
    '03/03/2018',
    '2024-05-10T13:37:58.398Z'
  ),
  (
    77,
    62,
    'gift_card',
    'success',
    1400,
    '05/03/2018',
    '2024-05-10T13:37:58.398Z'
  ),
  (
    78,
    63,
    'credit_card',
    'success',
    2900,
    '06/03/2018',
    '2024-05-10T13:37:58.398Z'
  ),
  (
    79,
    64,
    'bank_transfer',
    'success',
    2600,
    '07/03/2018',
    '2024-05-10T13:37:58.398Z'
  ),
  (
    80,
    65,
    'credit_card',
    'success',
    0,
    '08/03/2018',
    '2024-05-10T13:37:58.398Z'
  ),
  (
    81,
    66,
    'credit_card',
    'success',
    2800,
    '10/03/2018',
    '2024-05-10T13:37:58.398Z'
  ),
  (
    82,
    67,
    'bank_transfer',
    'success',
    400,
    '11/03/2018',
    '2024-05-10T13:37:58.398Z'
  ),
  (
    83,
    67,
    'credit_card',
    'success',
    1900,
    '11/03/2018',
    '2024-05-10T13:37:58.398Z'
  ),
  (
    84,
    68,
    'credit_card',
    'success',
    1600,
    '11/03/2018',
    '2024-05-10T13:37:58.398Z'
  ),
  (
    85,
    69,
    'credit_card',
    'success',
    1900,
    '11/03/2018',
    '2024-05-10T13:37:58.398Z'
  ),
  (
    86,
    70,
    'credit_card',
    'success',
    2600,
    '12/03/2018',
    '2024-05-10T13:37:58.398Z'
  ),
  (
    87,
    71,
    'credit_card',
    'success',
    500,
    '12/03/2018',
    '2024-05-10T13:37:58.398Z'
  ),
  (
    88,
    72,
    'credit_card',
    'success',
    2900,
    '14/03/2018',
    '2024-05-10T13:37:58.398Z'
  ),
  (
    89,
    73,
    'bank_transfer',
    'success',
    300,
    '16/03/2018',
    '2024-05-10T13:37:58.398Z'
  ),
  (
    90,
    74,
    'credit_card',
    'success',
    3000,
    '17/03/2018',
    '2024-05-10T13:37:58.398Z'
  ),
  (
    91,
    75,
    'credit_card',
    'success',
    1900,
    '18/03/2018',
    '2024-05-10T13:37:58.398Z'
  ),
  (
    92,
    76,
    'coupon',
    'success',
    200,
    '20/03/2018',
    '2024-05-10T13:37:58.398Z'
  ),
  (
    93,
    77,
    'credit_card',
    'success',
    0,
    '21/03/2018',
    '2024-05-10T13:37:58.398Z'
  ),
  (
    94,
    77,
    'bank_transfer',
    'success',
    1900,
    '21/03/2018',
    '2024-05-10T13:37:58.398Z'
  ),
  (
    95,
    78,
    'bank_transfer',
    'success',
    2600,
    '23/03/2018',
    '2024-05-10T13:37:58.398Z'
  ),
  (
    96,
    79,
    'credit_card',
    'success',
    1800,
    '23/03/2018',
    '2024-05-10T13:37:58.398Z'
  ),
  (
    97,
    79,
    'credit_card',
    'success',
    900,
    '23/03/2018',
    '2024-05-10T13:37:58.398Z'
  ),
  (
    98,
    80,
    'gift_card',
    'success',
    300,
    '23/03/2018',
    '2024-05-10T13:37:58.398Z'
  ),
  (
    99,
    81,
    'coupon',
    'success',
    200,
    '23/03/2018',
    '2024-05-10T13:37:58.398Z'
  ),
  (
    100,
    82,
    'credit_card',
    'success',
    800,
    '24/03/2018',
    '2024-05-10T13:37:58.398Z'
  ),
  (
    101,
    83,
    'credit_card',
    'success',
    100,
    '24/03/2018',
    '2024-05-10T13:37:58.398Z'
  ),
  (
    102,
    84,
    'bank_transfer',
    'success',
    2500,
    '26/03/2018',
    '2024-05-10T13:37:58.398Z'
  ),
  (
    103,
    85,
    'bank_transfer',
    'success',
    1700,
    '26/03/2018',
    '2024-05-10T13:37:58.398Z'
  ),
  (
    104,
    86,
    'coupon',
    'success',
    2300,
    '26/03/2018',
    '2024-05-10T13:37:58.398Z'
  ),
  (
    105,
    87,
    'gift_card',
    'success',
    3000,
    '27/03/2018',
    '2024-05-10T13:37:58.398Z'
  ),
  (
    106,
    87,
    'credit_card',
    'success',
    2600,
    '27/03/2018',
    '2024-05-10T13:37:58.398Z'
  ),
  (
    107,
    88,
    'credit_card',
    'success',
    2900,
    '27/03/2018',
    '2024-05-10T13:37:58.398Z'
  ),
  (
    108,
    89,
    'bank_transfer',
    'success',
    2200,
    '28/03/2018',
    '2024-05-10T13:37:58.398Z'
  ),
  (
    109,
    90,
    'bank_transfer',
    'success',
    200,
    '30/03/2018',
    '2024-05-10T13:37:58.398Z'
  ),
  (
    110,
    91,
    'credit_card',
    'success',
    1900,
    '31/03/2018',
    '2024-05-10T13:37:58.398Z'
  ),
  (
    111,
    92,
    'bank_transfer',
    'success',
    1500,
    '02/04/2018',
    '2024-05-10T13:37:58.398Z'
  ),
  (
    112,
    92,
    'coupon',
    'success',
    200,
    '02/04/2018',
    '2024-05-10T13:37:58.398Z'
  ),
  (
    113,
    93,
    'gift_card',
    'success',
    2600,
    '03/04/2018',
    '2024-05-10T13:37:58.398Z'
  ),
  (
    114,
    94,
    'gift_card',
    'fail',
    700,
    '03/04/2018',
    '2024-05-10T13:37:58.398Z'
  ),
  (
    115,
    94,
    'coupon',
    'success',
    700,
    '03/04/2018',
    '2024-05-10T13:37:58.398Z'
  ),
  (
    116,
    95,
    'coupon',
    'success',
    2400,
    '04/04/2018',
    '2024-05-10T13:37:58.398Z'
  ),
  (
    117,
    96,
    'gift_card',
    'success',
    1700,
    '06/04/2018',
    '2024-05-10T13:37:58.398Z'
  ),
  (
    118,
    97,
    'bank_transfer',
    'success',
    1400,
    '07/04/2018',
    '2024-05-10T13:37:58.398Z'
  ),
  (
    119,
    98,
    'bank_transfer',
    'success',
    1000,
    '07/04/2018',
    '2024-05-10T13:37:58.398Z'
  ),
  (
    120,
    99,
    'credit_card',
    'success',
    2400,
    '09/04/2018',
    '2024-05-10T13:37:58.398Z'
  );